{
    "loss": 0.09773126989603043,
    "accuracy": 0.9019607901573181
}